,id,id_str,url,date,user,lang,rawContent,replyCount,retweetCount,likeCount,quoteCount,conversationId,hashtags,cashtags,mentionedUsers,links,viewCount,retweetedTweet,quotedTweet,place,coordinates,inReplyToTweetId,inReplyToUser,source,sourceUrl,sourceLabel,media,_type
0,1668612908719419392,1668612908719419392,https://twitter.com/ReautyDao/status/1668612908719419392,2023-06-13 13:34:53+00:00,"{'id': 1570811684066889728, 'id_str': '1570811684066889728', 'url': 'https://twitter.com/ReautyDao', 'username': 'ReautyDao', 'displayname': 'Reauty DAO', 'rawDescription': 'The future of beauty is here!!! ReautyDAO consists of ReautyCoins, Baebee NFTs, and DAO functionality to build a real beauty community in Web3!', 'created': datetime.datetime(2022, 9, 16, 16, 28, 46, tzinfo=datetime.timezone.utc), 'followersCount': 2312, 'friendsCount': 448, 'statusesCount': 888, 'favouritesCount': 6057, 'listedCount': 2, 'mediaCount': 266, 'location': 'Miami, FL', 'profileImageUrl': 'https://pbs.twimg.com/profile_images/1583560251948818432/U4BRdzyu_normal.jpg', 'profileBannerUrl': 'https://pbs.twimg.com/profile_banners/1570811684066889728/1666385071', 'protected': None, 'verified': False, 'blue': False, 'blueType': None, 'descriptionLinks': [{'url': 'https://linktr.ee/reautydao', 'text': 'linktr.ee/reautydao', 'tcourl': 'https://t.co/0Kp1SPgZHw'}], '_type': 'snscrape.modules.twitter.User'}",en,"Introducing Reauty DAO: The revolutionary #beautycommunity powered by #blockchain. With ReautyCoins, Baebee #NFTs, and advanced #DAOs  functionality, we're transforming the industry with #Transparency, #inclusivity, #authenticity. Join us in shaping the future of beauty in #Web3! https://t.co/9DbF6u176Q",47,4,33,0,1668612908719419392,"['beautycommunity', 'blockchain', 'NFTs', 'DAOs', 'Transparency', 'inclusivity', 'authenticity', 'Web3']",[],[],[],855,,,,,,,"<a href=""https://mobile.twitter.com"" rel=""nofollow"">Twitter Web App</a>",https://mobile.twitter.com,Twitter Web App,"{'photos': [], 'videos': [{'thumbnailUrl': 'https://pbs.twimg.com/ext_tw_video_thumb/1668612612165369857/pu/img/iXa2NiNVvK-5yezg.jpg', 'variants': [{'contentType': 'video/mp4', 'bitrate': 832000, 'url': 'https://video.twimg.com/ext_tw_video/1668612612165369857/pu/vid/540x540/tYu6yn0XKUI80cUt.mp4?tag=12'}, {'contentType': 'video/mp4', 'bitrate': 432000, 'url': 'https://video.twimg.com/ext_tw_video/1668612612165369857/pu/vid/320x320/gb1QmcXNx3rrsXkA.mp4?tag=12'}, {'contentType': 'video/mp4', 'bitrate': 1280000, 'url': 'https://video.twimg.com/ext_tw_video/1668612612165369857/pu/vid/720x720/6lTXIZSkd5zvJLUi.mp4?tag=12'}], 'duration': 31033, 'views': None}], 'animated': []}",snscrape.modules.twitter.Tweet
1,1732028801075261610,1732028801075261610,https://twitter.com/ReautyDao/status/1732028801075261610,2023-12-05 13:27:00+00:00,"{'id': 1570811684066889728, 'id_str': '1570811684066889728', 'url': 'https://twitter.com/ReautyDao', 'username': 'ReautyDao', 'displayname': 'Reauty DAO', 'rawDescription': 'The future of beauty is here!!! ReautyDAO consists of ReautyCoins, Baebee NFTs, and DAO functionality to build a real beauty community in Web3!', 'created': datetime.datetime(2022, 9, 16, 16, 28, 46, tzinfo=datetime.timezone.utc), 'followersCount': 2312, 'friendsCount': 448, 'statusesCount': 888, 'favouritesCount': 6057, 'listedCount': 2, 'mediaCount': 266, 'location': 'Miami, FL', 'profileImageUrl': 'https://pbs.twimg.com/profile_images/1583560251948818432/U4BRdzyu_normal.jpg', 'profileBannerUrl': 'https://pbs.twimg.com/profile_banners/1570811684066889728/1666385071', 'protected': None, 'verified': False, 'blue': False, 'blueType': None, 'descriptionLinks': [{'url': 'https://linktr.ee/reautydao', 'text': 'linktr.ee/reautydao', 'tcourl': 'https://t.co/0Kp1SPgZHw'}], '_type': 'snscrape.modules.twitter.User'}",en,"RT @Blingy_LAB: Elevate your crypto ventures with Blingy Lab's expertise! From in-depth audits to market diligence, gain insights on coins, platforms, and projects. Visit https://t.co/ryHFypJdmZ for a strategic edge! üöÄüíé #BlingyLab #CryptoExcellence #web3 #crypto #Bitcoin #Binance https://t.co/PCtvwSuWgk",0,2,0,0,1732028801075261610,[],[],"[{'id': 1435703103098081285, 'username': 'Blingy_LAB', 'displayname': 'Blingy Lab', '_type': 'snscrape.modules.twitter.UserRef'}]",[],39,"{'id': 1724463786290028635, 'id_str': '1724463786290028635', 'url': 'https://twitter.com/Blingy_LAB/status/1724463786290028635', 'date': datetime.datetime(2023, 11, 14, 16, 26, 20, tzinfo=datetime.timezone.utc), 'user': {'id': 1435703103098081285, 'id_str': '1435703103098081285', 'url': 'https://twitter.com/Blingy_LAB', 'username': 'Blingy_LAB', 'displayname': 'Blingy Lab', 'rawDescription': 'Blingy Lab is A Community - Focused Web3 Project Incubator with Innovative Web3-native Business Consulting Services.', 'created': datetime.datetime(2021, 9, 8, 20, 34, 39, tzinfo=datetime.timezone.utc), 'followersCount': 2453, 'friendsCount': 350, 'statusesCount': 1130, 'favouritesCount': 6548, 'listedCount': 6, 'mediaCount': 243, 'location': 'Miami, FL', 'profileImageUrl': 'https://pbs.twimg.com/profile_images/1583557068463669248/EH7fIhxw_normal.jpg', 'profileBannerUrl': 'https://pbs.twimg.com/profile_banners/1435703103098081285/1666384227', 'protected': None, 'verified': False, 'blue': False, 'blueType': None, 'descriptionLinks': [{'url': 'https://linktr.ee/blingylab', 'text': 'linktr.ee/blingylab', 'tcourl': 'https://t.co/uCPMbgSHsx'}], '_type': 'snscrape.modules.twitter.User'}, 'lang': 'en', 'rawContent': ""Elevate your crypto ventures with Blingy Lab's expertise! From in-depth audits to market diligence, gain insights on coins, platforms, and projects. Visit https://t.co/ryHFypJdmZ for a strategic edge! üöÄüíé #BlingyLab #CryptoExcellence #web3 #crypto #Bitcoin #Binance https://t.co/PCtvwSuWgk"", 'replyCount': 34, 'retweetCount': 2, 'likeCount': 3, 'quoteCount': 0, 'conversationId': 1724463786290028635, 'hashtags': ['BlingyLab', 'CryptoExcellence', 'web3', 'crypto', 'Bitcoin', 'Binance'], 'cashtags': [], 'mentionedUsers': [], 'links': [{'url': 'http://www.blingylab.com', 'text': 'blingylab.com', 'tcourl': 'https://t.co/ryHFypJdmZ'}], 'viewCount': 39, 'retweetedTweet': None, 'quotedTweet': None, 'place': None, 'coordinates': None, 'inReplyToTweetId': None, 'inReplyToUser': None, 'source': '<a href=""https://www.hootsuite.com"" rel=""nofollow"">Hootsuite Inc.</a>', 'sourceUrl': 'https://www.hootsuite.com', 'sourceLabel': 'Hootsuite Inc.', 'media': {'photos': [], 'videos': [{'thumbnailUrl': 'https://pbs.twimg.com/ext_tw_video_thumb/1724463718191251456/pu/img/MjZTXaVX7nQJgZbJ.jpg', 'variants': [{'contentType': 'video/mp4', 'bitrate': 1280000, 'url': 'https://video.twimg.com/ext_tw_video/1724463718191251456/pu/vid/avc1/720x720/uHBWgKad1MCccMdg.mp4?tag=12'}, {'contentType': 'video/mp4', 'bitrate': 832000, 'url': 'https://video.twimg.com/ext_tw_video/1724463718191251456/pu/vid/avc1/540x540/aZr7w-HAiH3xxFm_.mp4?tag=12'}, {'contentType': 'video/mp4', 'bitrate': 432000, 'url': 'https://video.twimg.com/ext_tw_video/1724463718191251456/pu/vid/avc1/320x320/HUyBqlXwjzHlPESS.mp4?tag=12'}], 'duration': 18000, 'views': None}], 'animated': []}, '_type': 'snscrape.modules.twitter.Tweet'}",,,,,,"<a href=""https://mobile.twitter.com"" rel=""nofollow"">Twitter Web App</a>",https://mobile.twitter.com,Twitter Web App,"{'photos': [], 'videos': [], 'animated': []}",snscrape.modules.twitter.Tweet
2,1724463786290028635,1724463786290028635,https://twitter.com/Blingy_LAB/status/1724463786290028635,2023-11-14 16:26:20+00:00,"{'id': 1435703103098081285, 'id_str': '1435703103098081285', 'url': 'https://twitter.com/Blingy_LAB', 'username': 'Blingy_LAB', 'displayname': 'Blingy Lab', 'rawDescription': 'Blingy Lab is A Community - Focused Web3 Project Incubator with Innovative Web3-native Business Consulting Services.', 'created': datetime.datetime(2021, 9, 8, 20, 34, 39, tzinfo=datetime.timezone.utc), 'followersCount': 2453, 'friendsCount': 350, 'statusesCount': 1130, 'favouritesCount': 6548, 'listedCount': 6, 'mediaCount': 243, 'location': 'Miami, FL', 'profileImageUrl': 'https://pbs.twimg.com/profile_images/1583557068463669248/EH7fIhxw_normal.jpg', 'profileBannerUrl': 'https://pbs.twimg.com/profile_banners/1435703103098081285/1666384227', 'protected': None, 'verified': False, 'blue': False, 'blueType': None, 'descriptionLinks': [{'url': 'https://linktr.ee/blingylab', 'text': 'linktr.ee/blingylab', 'tcourl': 'https://t.co/uCPMbgSHsx'}], '_type': 'snscrape.modules.twitter.User'}",en,"Elevate your crypto ventures with Blingy Lab's expertise! From in-depth audits to market diligence, gain insights on coins, platforms, and projects. Visit https://t.co/ryHFypJdmZ for a strategic edge! üöÄüíé #BlingyLab #CryptoExcellence #web3 #crypto #Bitcoin #Binance https://t.co/PCtvwSuWgk",34,2,3,0,1724463786290028635,"['BlingyLab', 'CryptoExcellence', 'web3', 'crypto', 'Bitcoin', 'Binance']",[],[],"[{'url': 'http://www.blingylab.com', 'text': 'blingylab.com', 'tcourl': 'https://t.co/ryHFypJdmZ'}]",39,,,,,,,"<a href=""https://www.hootsuite.com"" rel=""nofollow"">Hootsuite Inc.</a>",https://www.hootsuite.com,Hootsuite Inc.,"{'photos': [], 'videos': [{'thumbnailUrl': 'https://pbs.twimg.com/ext_tw_video_thumb/1724463718191251456/pu/img/MjZTXaVX7nQJgZbJ.jpg', 'variants': [{'contentType': 'video/mp4', 'bitrate': 1280000, 'url': 'https://video.twimg.com/ext_tw_video/1724463718191251456/pu/vid/avc1/720x720/uHBWgKad1MCccMdg.mp4?tag=12'}, {'contentType': 'video/mp4', 'bitrate': 832000, 'url': 'https://video.twimg.com/ext_tw_video/1724463718191251456/pu/vid/avc1/540x540/aZr7w-HAiH3xxFm_.mp4?tag=12'}, {'contentType': 'video/mp4', 'bitrate': 432000, 'url': 'https://video.twimg.com/ext_tw_video/1724463718191251456/pu/vid/avc1/320x320/HUyBqlXwjzHlPESS.mp4?tag=12'}], 'duration': 18000, 'views': None}], 'animated': []}",snscrape.modules.twitter.Tweet
3,1731600088244339033,1731600088244339033,https://twitter.com/ReautyDao/status/1731600088244339033,2023-12-04 09:03:27+00:00,"{'id': 1570811684066889728, 'id_str': '1570811684066889728', 'url': 'https://twitter.com/ReautyDao', 'username': 'ReautyDao', 'displayname': 'Reauty DAO', 'rawDescription': 'The future of beauty is here!!! ReautyDAO consists of ReautyCoins, Baebee NFTs, and DAO functionality to build a real beauty community in Web3!', 'created': datetime.datetime(2022, 9, 16, 16, 28, 46, tzinfo=datetime.timezone.utc), 'followersCount': 2312, 'friendsCount': 448, 'statusesCount': 888, 'favouritesCount': 6057, 'listedCount': 2, 'mediaCount': 266, 'location': 'Miami, FL', 'profileImageUrl': 'https://pbs.twimg.com/profile_images/1583560251948818432/U4BRdzyu_normal.jpg', 'profileBannerUrl': 'https://pbs.twimg.com/profile_banners/1570811684066889728/1666385071', 'protected': None, 'verified': False, 'blue': False, 'blueType': None, 'descriptionLinks': [{'url': 'https://linktr.ee/reautydao', 'text': 'linktr.ee/reautydao', 'tcourl': 'https://t.co/0Kp1SPgZHw'}], '_type': 'snscrape.modules.twitter.User'}",en,üö®ATTENTION ALL DATA ENGINEERS . Want to be a part of the revolution? Reauty DAO is hiring a Senior Data Engineer! Send your CV to career@reautydao.io and join the team that's changing the game!  #hiring #dataengineer #careeropportunities https://t.co/JDTcmG88Im,0,0,0,0,1731600088244339033,"['hiring', 'dataengineer', 'careeropportunities']",[],[],[],10,,,,,,,"<a href=""https://mobile.twitter.com"" rel=""nofollow"">Twitter Web App</a>",https://mobile.twitter.com,Twitter Web App,"{'photos': [{'url': 'https://pbs.twimg.com/media/GAfhAeGXgAAXgcM.jpg'}], 'videos': [], 'animated': []}",snscrape.modules.twitter.Tweet
4,1730599589076410389,1730599589076410389,https://twitter.com/ReautyDao/status/1730599589076410389,2023-12-01 14:47:49+00:00,"{'id': 1570811684066889728, 'id_str': '1570811684066889728', 'url': 'https://twitter.com/ReautyDao', 'username': 'ReautyDao', 'displayname': 'Reauty DAO', 'rawDescription': 'The future of beauty is here!!! ReautyDAO consists of ReautyCoins, Baebee NFTs, and DAO functionality to build a real beauty community in Web3!', 'created': datetime.datetime(2022, 9, 16, 16, 28, 46, tzinfo=datetime.timezone.utc), 'followersCount': 2312, 'friendsCount': 448, 'statusesCount': 888, 'favouritesCount': 6057, 'listedCount': 2, 'mediaCount': 266, 'location': 'Miami, FL', 'profileImageUrl': 'https://pbs.twimg.com/profile_images/1583560251948818432/U4BRdzyu_normal.jpg', 'profileBannerUrl': 'https://pbs.twimg.com/profile_banners/1570811684066889728/1666385071', 'protected': None, 'verified': False, 'blue': False, 'blueType': None, 'descriptionLinks': [{'url': 'https://linktr.ee/reautydao', 'text': 'linktr.ee/reautydao', 'tcourl': 'https://t.co/0Kp1SPgZHw'}], '_type': 'snscrape.modules.twitter.User'}",en,"#ReautyDAOweeklybrews:Experience #luxurysdigital evolution with #Blockchain #Couture! Discover #NFTs, #sustainability, and #Web3 shaping brands like @LouisVuitton, @Gucci, @Prada

https://t.co/Dh0lJVcdnm",5,0,6,0,1730599589076410389,"['ReautyDAOweeklybrews', 'luxurysdigital', 'Blockchain', 'Couture', 'NFTs', 'sustainability', 'Web3']",[],"[{'id': 44084633, 'username': 'LouisVuitton', 'displayname': 'Louis Vuitton', '_type': 'snscrape.modules.twitter.UserRef'}, {'id': 16913418, 'username': 'gucci', 'displayname': 'gucci', '_type': 'snscrape.modules.twitter.UserRef'}, {'id': 1156866230, 'username': 'Prada', 'displayname': 'PRADA', '_type': 'snscrape.modules.twitter.UserRef'}]","[{'url': 'https://ow.ly/XK1P50QbyOh', 'text': 'ow.ly/XK1P50QbyOh', 'tcourl': 'https://t.co/Dh0lJVcdnm'}]",88,,,,,,,"<a href=""https://www.hootsuite.com"" rel=""nofollow"">Hootsuite Inc.</a>",https://www.hootsuite.com,Hootsuite Inc.,"{'photos': [], 'videos': [], 'animated': []}",snscrape.modules.twitter.Tweet
5,1730214381030400439,1730214381030400439,https://twitter.com/ReautyDao/status/1730214381030400439,2023-11-30 13:17:08+00:00,"{'id': 1570811684066889728, 'id_str': '1570811684066889728', 'url': 'https://twitter.com/ReautyDao', 'username': 'ReautyDao', 'displayname': 'Reauty DAO', 'rawDescription': 'The future of beauty is here!!! ReautyDAO consists of ReautyCoins, Baebee NFTs, and DAO functionality to build a real beauty community in Web3!', 'created': datetime.datetime(2022, 9, 16, 16, 28, 46, tzinfo=datetime.timezone.utc), 'followersCount': 2312, 'friendsCount': 448, 'statusesCount': 888, 'favouritesCount': 6057, 'listedCount': 2, 'mediaCount': 266, 'location': 'Miami, FL', 'profileImageUrl': 'https://pbs.twimg.com/profile_images/1583560251948818432/U4BRdzyu_normal.jpg', 'profileBannerUrl': 'https://pbs.twimg.com/profile_banners/1570811684066889728/1666385071', 'protected': None, 'verified': False, 'blue': False, 'blueType': None, 'descriptionLinks': [{'url': 'https://linktr.ee/reautydao', 'text': 'linktr.ee/reautydao', 'tcourl': 'https://t.co/0Kp1SPgZHw'}], '_type': 'snscrape.modules.twitter.User'}",en,"Crypto never sleeps

#cryptomeme #Memes #NFT #ETH #Dogecoin #Crypto #NFTmeme #RespectMeme #Memes #cryptomemes #cryptocurrency #CryptoTwitter #Ethereum #CryptoCommunity #cryptomarket #cryptoinvesting https://t.co/FJLBTpYCRa",3,0,9,0,1730214381030400439,"['cryptomeme', 'Memes', 'NFT', 'ETH', 'Dogecoin', 'Crypto', 'NFTmeme', 'RespectMeme', 'Memes', 'cryptomemes', 'cryptocurrency', 'CryptoTwitter', 'Ethereum', 'CryptoCommunity', 'cryptomarket', 'cryptoinvesting']",[],[],[],340,,,,,,,"<a href=""https://www.hootsuite.com"" rel=""nofollow"">Hootsuite Inc.</a>",https://www.hootsuite.com,Hootsuite Inc.,"{'photos': [{'url': 'https://pbs.twimg.com/media/GAL0z7nWsAAKuDa.jpg'}], 'videos': [], 'animated': []}",snscrape.modules.twitter.Tweet
6,1729862600043999481,1729862600043999481,https://twitter.com/ReautyDao/status/1729862600043999481,2023-11-29 13:59:17+00:00,"{'id': 1570811684066889728, 'id_str': '1570811684066889728', 'url': 'https://twitter.com/ReautyDao', 'username': 'ReautyDao', 'displayname': 'Reauty DAO', 'rawDescription': 'The future of beauty is here!!! ReautyDAO consists of ReautyCoins, Baebee NFTs, and DAO functionality to build a real beauty community in Web3!', 'created': datetime.datetime(2022, 9, 16, 16, 28, 46, tzinfo=datetime.timezone.utc), 'followersCount': 2312, 'friendsCount': 448, 'statusesCount': 888, 'favouritesCount': 6057, 'listedCount': 2, 'mediaCount': 266, 'location': 'Miami, FL', 'profileImageUrl': 'https://pbs.twimg.com/profile_images/1583560251948818432/U4BRdzyu_normal.jpg', 'profileBannerUrl': 'https://pbs.twimg.com/profile_banners/1570811684066889728/1666385071', 'protected': None, 'verified': False, 'blue': False, 'blueType': None, 'descriptionLinks': [{'url': 'https://linktr.ee/reautydao', 'text': 'linktr.ee/reautydao', 'tcourl': 'https://t.co/0Kp1SPgZHw'}], '_type': 'snscrape.modules.twitter.User'}",en,"gm to the kings &amp; queens of web3! ‚òÄÔ∏è
‚§µÔ∏è 
https://t.co/D2uibFM3X5

#toxicbaebee #NFTs #MaskBaebee #beauty #global #society #web3 #NFT #nfts #nftart #NFTartists #NFTsales #nftcommunity #TwitterX #NFTCommunity #NFTGiveaway #NFTCollection #nftcollector
  #NFT #ETH  #Crypto #NFTmeme https://t.co/LpTx76R81h",0,0,3,0,1729862600043999481,"['toxicbaebee', 'NFTs', 'MaskBaebee', 'beauty', 'global', 'society', 'web3', 'NFT', 'nfts', 'nftart', 'NFTartists', 'NFTsales', 'nftcommunity', 'TwitterX', 'NFTCommunity', 'NFTGiveaway', 'NFTCollection', 'nftcollector', 'NFT', 'ETH', 'Crypto', 'NFTmeme']",[],[],"[{'url': 'https://opensea.io/collection/3d-toxic-baebee', 'text': 'opensea.io/collection/3d-‚Ä¶', 'tcourl': 'https://t.co/D2uibFM3X5'}]",14,,,,,,,"<a href=""https://www.hootsuite.com"" rel=""nofollow"">Hootsuite Inc.</a>",https://www.hootsuite.com,Hootsuite Inc.,"{'photos': [], 'videos': [{'thumbnailUrl': 'https://pbs.twimg.com/ext_tw_video_thumb/1729862529789411328/pu/img/N30ULHpLsTXpZ6dN.jpg', 'variants': [{'contentType': 'video/mp4', 'bitrate': 832000, 'url': 'https://video.twimg.com/ext_tw_video/1729862529789411328/pu/vid/avc1/540x540/EEAYeIEoI7m2SIfQ.mp4?tag=12'}, {'contentType': 'video/mp4', 'bitrate': 1280000, 'url': 'https://video.twimg.com/ext_tw_video/1729862529789411328/pu/vid/avc1/720x720/5YgPvY9pLJgDXuma.mp4?tag=12'}, {'contentType': 'video/mp4', 'bitrate': 432000, 'url': 'https://video.twimg.com/ext_tw_video/1729862529789411328/pu/vid/avc1/320x320/0Zq1lCi3HOWqPeMq.mp4?tag=12'}], 'duration': 4714, 'views': None}], 'animated': []}",snscrape.modules.twitter.Tweet
7,1729512750815007026,1729512750815007026,https://twitter.com/ReautyDao/status/1729512750815007026,2023-11-28 14:49:07+00:00,"{'id': 1570811684066889728, 'id_str': '1570811684066889728', 'url': 'https://twitter.com/ReautyDao', 'username': 'ReautyDao', 'displayname': 'Reauty DAO', 'rawDescription': 'The future of beauty is here!!! ReautyDAO consists of ReautyCoins, Baebee NFTs, and DAO functionality to build a real beauty community in Web3!', 'created': datetime.datetime(2022, 9, 16, 16, 28, 46, tzinfo=datetime.timezone.utc), 'followersCount': 2312, 'friendsCount': 448, 'statusesCount': 888, 'favouritesCount': 6057, 'listedCount': 2, 'mediaCount': 266, 'location': 'Miami, FL', 'profileImageUrl': 'https://pbs.twimg.com/profile_images/1583560251948818432/U4BRdzyu_normal.jpg', 'profileBannerUrl': 'https://pbs.twimg.com/profile_banners/1570811684066889728/1666385071', 'protected': None, 'verified': False, 'blue': False, 'blueType': None, 'descriptionLinks': [{'url': 'https://linktr.ee/reautydao', 'text': 'linktr.ee/reautydao', 'tcourl': 'https://t.co/0Kp1SPgZHw'}], '_type': 'snscrape.modules.twitter.User'}",en,"RT @ReautyDao: Gm everyone ‚òïÔ∏è‚òÄÔ∏è have a great day 

‚§µÔ∏è
https://t.co/3WwTueplY1

#NFT #nfts #nftart #NFTartists #NFTsales #nftcommunity #TwitterX #NFTCommunity #NFTGiveaway #NFTCollection #nftcollector
#Cryptomeme #Memes #NFT #ETH  #Crypto #NFTmeme https://t.co/xqPKpeLaeN",0,2,0,0,1729512750815007026,"['NFT', 'nfts', 'nftart', 'NFTartists', 'NFTsales', 'nftcommunity']",[],"[{'id': 1570811684066889728, 'username': 'ReautyDao', 'displayname': 'Reauty DAO', '_type': 'snscrape.modules.twitter.UserRef'}]","[{'url': 'https://opensea.io/collection/3d-beauty-baebee', 'text': 'opensea.io/collection/3d-‚Ä¶', 'tcourl': 'https://t.co/3WwTueplY1'}]",135,"{'id': 1722244405699154066, 'id_str': '1722244405699154066', 'url': 'https://twitter.com/ReautyDao/status/1722244405699154066', 'date': datetime.datetime(2023, 11, 8, 13, 27, 18, tzinfo=datetime.timezone.utc), 'user': {'id': 1570811684066889728, 'id_str': '1570811684066889728', 'url': 'https://twitter.com/ReautyDao', 'username': 'ReautyDao', 'displayname': 'Reauty DAO', 'rawDescription': 'The future of beauty is here!!! ReautyDAO consists of ReautyCoins, Baebee NFTs, and DAO functionality to build a real beauty community in Web3!', 'created': datetime.datetime(2022, 9, 16, 16, 28, 46, tzinfo=datetime.timezone.utc), 'followersCount': 2312, 'friendsCount': 448, 'statusesCount': 888, 'favouritesCount': 6057, 'listedCount': 2, 'mediaCount': 266, 'location': 'Miami, FL', 'profileImageUrl': 'https://pbs.twimg.com/profile_images/1583560251948818432/U4BRdzyu_normal.jpg', 'profileBannerUrl': 'https://pbs.twimg.com/profile_banners/1570811684066889728/1666385071', 'protected': None, 'verified': False, 'blue': False, 'blueType': None, 'descriptionLinks': [{'url': 'https://linktr.ee/reautydao', 'text': 'linktr.ee/reautydao', 'tcourl': 'https://t.co/0Kp1SPgZHw'}], '_type': 'snscrape.modules.twitter.User'}, 'lang': 'en', 'rawContent': 'Gm everyone ‚òïÔ∏è‚òÄÔ∏è have a great day \n\n‚§µÔ∏è\nhttps://t.co/3WwTueplY1\n\n#NFT #nfts #nftart #NFTartists #NFTsales #nftcommunity #TwitterX #NFTCommunity #NFTGiveaway #NFTCollection #nftcollector\n#Cryptomeme #Memes #NFT #ETH  #Crypto #NFTmeme https://t.co/xqPKpeLaeN', 'replyCount': 1, 'retweetCount': 2, 'likeCount': 9, 'quoteCount': 0, 'conversationId': 1722244405699154066, 'hashtags': ['NFT', 'nfts', 'nftart', 'NFTartists', 'NFTsales', 'nftcommunity', 'TwitterX', 'NFTCommunity', 'NFTGiveaway', 'NFTCollection', 'nftcollector', 'Cryptomeme', 'Memes', 'NFT', 'ETH', 'Crypto', 'NFTmeme'], 'cashtags': [], 'mentionedUsers': [], 'links': [{'url': 'https://opensea.io/collection/3d-beauty-baebee', 'text': 'opensea.io/collection/3d-‚Ä¶', 'tcourl': 'https://t.co/3WwTueplY1'}], 'viewCount': 135, 'retweetedTweet': None, 'quotedTweet': None, 'place': None, 'coordinates': None, 'inReplyToTweetId': None, 'inReplyToUser': None, 'source': '<a href=""https://www.hootsuite.com"" rel=""nofollow"">Hootsuite Inc.</a>', 'sourceUrl': 'https://www.hootsuite.com', 'sourceLabel': 'Hootsuite Inc.', 'media': {'photos': [], 'videos': [{'thumbnailUrl': 'https://pbs.twimg.com/ext_tw_video_thumb/1722244319300759552/pu/img/9W7u3A14cHMIzRHc.jpg', 'variants': [{'contentType': 'video/mp4', 'bitrate': 432000, 'url': 'https://video.twimg.com/ext_tw_video/1722244319300759552/pu/vid/avc1/320x320/PA4OzMZLIx3Sdrg2.mp4?tag=12'}, {'contentType': 'video/mp4', 'bitrate': 1280000, 'url': 'https://video.twimg.com/ext_tw_video/1722244319300759552/pu/vid/avc1/720x720/j2A2zUyBMKd7wXoF.mp4?tag=12'}, {'contentType': 'video/mp4', 'bitrate': 832000, 'url': 'https://video.twimg.com/ext_tw_video/1722244319300759552/pu/vid/avc1/540x540/wsUF9Oxtz1jzSIJ0.mp4?tag=12'}], 'duration': 10000, 'views': None}], 'animated': []}, '_type': 'snscrape.modules.twitter.Tweet'}",,,,,,"<a href=""https://mobile.twitter.com"" rel=""nofollow"">Twitter Web App</a>",https://mobile.twitter.com,Twitter Web App,"{'photos': [], 'videos': [], 'animated': []}",snscrape.modules.twitter.Tweet
8,1722244405699154066,1722244405699154066,https://twitter.com/ReautyDao/status/1722244405699154066,2023-11-08 13:27:18+00:00,"{'id': 1570811684066889728, 'id_str': '1570811684066889728', 'url': 'https://twitter.com/ReautyDao', 'username': 'ReautyDao', 'displayname': 'Reauty DAO', 'rawDescription': 'The future of beauty is here!!! ReautyDAO consists of ReautyCoins, Baebee NFTs, and DAO functionality to build a real beauty community in Web3!', 'created': datetime.datetime(2022, 9, 16, 16, 28, 46, tzinfo=datetime.timezone.utc), 'followersCount': 2312, 'friendsCount': 448, 'statusesCount': 888, 'favouritesCount': 6057, 'listedCount': 2, 'mediaCount': 266, 'location': 'Miami, FL', 'profileImageUrl': 'https://pbs.twimg.com/profile_images/1583560251948818432/U4BRdzyu_normal.jpg', 'profileBannerUrl': 'https://pbs.twimg.com/profile_banners/1570811684066889728/1666385071', 'protected': None, 'verified': False, 'blue': False, 'blueType': None, 'descriptionLinks': [{'url': 'https://linktr.ee/reautydao', 'text': 'linktr.ee/reautydao', 'tcourl': 'https://t.co/0Kp1SPgZHw'}], '_type': 'snscrape.modules.twitter.User'}",en,"Gm everyone ‚òïÔ∏è‚òÄÔ∏è have a great day 

‚§µÔ∏è
https://t.co/3WwTueplY1

#NFT #nfts #nftart #NFTartists #NFTsales #nftcommunity #TwitterX #NFTCommunity #NFTGiveaway #NFTCollection #nftcollector
#Cryptomeme #Memes #NFT #ETH  #Crypto #NFTmeme https://t.co/xqPKpeLaeN",1,2,9,0,1722244405699154066,"['NFT', 'nfts', 'nftart', 'NFTartists', 'NFTsales', 'nftcommunity', 'TwitterX', 'NFTCommunity', 'NFTGiveaway', 'NFTCollection', 'nftcollector', 'Cryptomeme', 'Memes', 'NFT', 'ETH', 'Crypto', 'NFTmeme']",[],[],"[{'url': 'https://opensea.io/collection/3d-beauty-baebee', 'text': 'opensea.io/collection/3d-‚Ä¶', 'tcourl': 'https://t.co/3WwTueplY1'}]",135,,,,,,,"<a href=""https://www.hootsuite.com"" rel=""nofollow"">Hootsuite Inc.</a>",https://www.hootsuite.com,Hootsuite Inc.,"{'photos': [], 'videos': [{'thumbnailUrl': 'https://pbs.twimg.com/ext_tw_video_thumb/1722244319300759552/pu/img/9W7u3A14cHMIzRHc.jpg', 'variants': [{'contentType': 'video/mp4', 'bitrate': 432000, 'url': 'https://video.twimg.com/ext_tw_video/1722244319300759552/pu/vid/avc1/320x320/PA4OzMZLIx3Sdrg2.mp4?tag=12'}, {'contentType': 'video/mp4', 'bitrate': 1280000, 'url': 'https://video.twimg.com/ext_tw_video/1722244319300759552/pu/vid/avc1/720x720/j2A2zUyBMKd7wXoF.mp4?tag=12'}, {'contentType': 'video/mp4', 'bitrate': 832000, 'url': 'https://video.twimg.com/ext_tw_video/1722244319300759552/pu/vid/avc1/540x540/wsUF9Oxtz1jzSIJ0.mp4?tag=12'}], 'duration': 10000, 'views': None}], 'animated': []}",snscrape.modules.twitter.Tweet
9,1729134852245491831,1729134852245491831,https://twitter.com/ReautyDao/status/1729134852245491831,2023-11-27 13:47:29+00:00,"{'id': 1570811684066889728, 'id_str': '1570811684066889728', 'url': 'https://twitter.com/ReautyDao', 'username': 'ReautyDao', 'displayname': 'Reauty DAO', 'rawDescription': 'The future of beauty is here!!! ReautyDAO consists of ReautyCoins, Baebee NFTs, and DAO functionality to build a real beauty community in Web3!', 'created': datetime.datetime(2022, 9, 16, 16, 28, 46, tzinfo=datetime.timezone.utc), 'followersCount': 2312, 'friendsCount': 448, 'statusesCount': 888, 'favouritesCount': 6057, 'listedCount': 2, 'mediaCount': 266, 'location': 'Miami, FL', 'profileImageUrl': 'https://pbs.twimg.com/profile_images/1583560251948818432/U4BRdzyu_normal.jpg', 'profileBannerUrl': 'https://pbs.twimg.com/profile_banners/1570811684066889728/1666385071', 'protected': None, 'verified': False, 'blue': False, 'blueType': None, 'descriptionLinks': [{'url': 'https://linktr.ee/reautydao', 'text': 'linktr.ee/reautydao', 'tcourl': 'https://t.co/0Kp1SPgZHw'}], '_type': 'snscrape.modules.twitter.User'}",en,üöÄ Ready to take your career to the next level in the blockchain industry? üåê Reautydao is hiring a Web3 Senior Security Consultant! Send your CV to career@reautydao.io and join the revolution today! üôå #Blockchain #Web3 #SecurityConsultant #HiringNow https://t.co/VF6iMdVBlr,0,0,2,0,1729134852245491831,"['Blockchain', 'Web3', 'SecurityConsultant', 'HiringNow']",[],[],[],50,,,,,,,"<a href=""https://www.hootsuite.com"" rel=""nofollow"">Hootsuite Inc.</a>",https://www.hootsuite.com,Hootsuite Inc.,"{'photos': [{'url': 'https://pbs.twimg.com/media/F_8e_CwWIAAYasg.jpg'}], 'videos': [], 'animated': []}",snscrape.modules.twitter.Tweet
10,1727690436649549861,1727690436649549861,https://twitter.com/ReautyDao/status/1727690436649549861,2023-11-23 14:07:53+00:00,"{'id': 1570811684066889728, 'id_str': '1570811684066889728', 'url': 'https://twitter.com/ReautyDao', 'username': 'ReautyDao', 'displayname': 'Reauty DAO', 'rawDescription': 'The future of beauty is here!!! ReautyDAO consists of ReautyCoins, Baebee NFTs, and DAO functionality to build a real beauty community in Web3!', 'created': datetime.datetime(2022, 9, 16, 16, 28, 46, tzinfo=datetime.timezone.utc), 'followersCount': 2312, 'friendsCount': 448, 'statusesCount': 888, 'favouritesCount': 6057, 'listedCount': 2, 'mediaCount': 266, 'location': 'Miami, FL', 'profileImageUrl': 'https://pbs.twimg.com/profile_images/1583560251948818432/U4BRdzyu_normal.jpg', 'profileBannerUrl': 'https://pbs.twimg.com/profile_banners/1570811684066889728/1666385071', 'protected': None, 'verified': False, 'blue': False, 'blueType': None, 'descriptionLinks': [{'url': 'https://linktr.ee/reautydao', 'text': 'linktr.ee/reautydao', 'tcourl': 'https://t.co/0Kp1SPgZHw'}], '_type': 'snscrape.modules.twitter.User'}",en,"'Tis the time for gratitude, &amp; here at ReautyDAO, we're deeply thankful for our  community. With + 2300 strong, you've joined us on this transformative journey shaping the future of #beauty. Excitement fills the air as we anticipate the wonders the coming year holds!#Thanksgiving https://t.co/5tqKx9GsOm",10,1,2,0,1727690436649549861,"['beauty', 'Thanksgiving']",[],[],[],18,,,,,,,"<a href=""https://www.hootsuite.com"" rel=""nofollow"">Hootsuite Inc.</a>",https://www.hootsuite.com,Hootsuite Inc.,"{'photos': [], 'videos': [{'thumbnailUrl': 'https://pbs.twimg.com/ext_tw_video_thumb/1727690326142300160/pu/img/QP8ZgMAHqqfqo3c5.jpg', 'variants': [{'contentType': 'video/mp4', 'bitrate': 432000, 'url': 'https://video.twimg.com/ext_tw_video/1727690326142300160/pu/vid/avc1/320x320/2nIDm9sihErAv93o.mp4?tag=12'}, {'contentType': 'video/mp4', 'bitrate': 1280000, 'url': 'https://video.twimg.com/ext_tw_video/1727690326142300160/pu/vid/avc1/720x720/1kSkkBNqd98nmNrr.mp4?tag=12'}, {'contentType': 'video/mp4', 'bitrate': 832000, 'url': 'https://video.twimg.com/ext_tw_video/1727690326142300160/pu/vid/avc1/540x540/muFsp2XnwYfjIrtp.mp4?tag=12'}], 'duration': 10000, 'views': None}], 'animated': []}",snscrape.modules.twitter.Tweet
11,1727310341682426000,1727310341682426000,https://twitter.com/ReautyDao/status/1727310341682426000,2023-11-22 12:57:31+00:00,"{'id': 1570811684066889728, 'id_str': '1570811684066889728', 'url': 'https://twitter.com/ReautyDao', 'username': 'ReautyDao', 'displayname': 'Reauty DAO', 'rawDescription': 'The future of beauty is here!!! ReautyDAO consists of ReautyCoins, Baebee NFTs, and DAO functionality to build a real beauty community in Web3!', 'created': datetime.datetime(2022, 9, 16, 16, 28, 46, tzinfo=datetime.timezone.utc), 'followersCount': 2312, 'friendsCount': 448, 'statusesCount': 888, 'favouritesCount': 6057, 'listedCount': 2, 'mediaCount': 266, 'location': 'Miami, FL', 'profileImageUrl': 'https://pbs.twimg.com/profile_images/1583560251948818432/U4BRdzyu_normal.jpg', 'profileBannerUrl': 'https://pbs.twimg.com/profile_banners/1570811684066889728/1666385071', 'protected': None, 'verified': False, 'blue': False, 'blueType': None, 'descriptionLinks': [{'url': 'https://linktr.ee/reautydao', 'text': 'linktr.ee/reautydao', 'tcourl': 'https://t.co/0Kp1SPgZHw'}], '_type': 'snscrape.modules.twitter.User'}",en,"GM to absolutely everyone‚òÄÔ∏è 
Have a great week‚ù§
üêù2D Vegan Baebee elementüåøüçÄüçÉüçÅ

üçÄhttps://t.co/WVDH6MfYuP

#NFTs  #Vegan #baebee #beauty #TruthSocial #beauty #WEB3 https://t.co/rgfKFjkPvT",11,1,4,0,1727310341682426000,"['NFTs', 'Vegan', 'baebee', 'beauty', 'TruthSocial', 'beauty', 'WEB3']",[],[],"[{'url': 'https://baebee.reautydao.io/', 'text': 'baebee.reautydao.io', 'tcourl': 'https://t.co/WVDH6MfYuP'}]",41,,,,,,,"<a href=""https://www.hootsuite.com"" rel=""nofollow"">Hootsuite Inc.</a>",https://www.hootsuite.com,Hootsuite Inc.,"{'photos': [{'url': 'https://pbs.twimg.com/media/F_ijmkiWUAAMg1s.jpg'}], 'videos': [], 'animated': []}",snscrape.modules.twitter.Tweet
12,1726970612806042068,1726970612806042068,https://twitter.com/ReautyDao/status/1726970612806042068,2023-11-21 14:27:34+00:00,"{'id': 1570811684066889728, 'id_str': '1570811684066889728', 'url': 'https://twitter.com/ReautyDao', 'username': 'ReautyDao', 'displayname': 'Reauty DAO', 'rawDescription': 'The future of beauty is here!!! ReautyDAO consists of ReautyCoins, Baebee NFTs, and DAO functionality to build a real beauty community in Web3!', 'created': datetime.datetime(2022, 9, 16, 16, 28, 46, tzinfo=datetime.timezone.utc), 'followersCount': 2312, 'friendsCount': 448, 'statusesCount': 888, 'favouritesCount': 6057, 'listedCount': 2, 'mediaCount': 266, 'location': 'Miami, FL', 'profileImageUrl': 'https://pbs.twimg.com/profile_images/1583560251948818432/U4BRdzyu_normal.jpg', 'profileBannerUrl': 'https://pbs.twimg.com/profile_banners/1570811684066889728/1666385071', 'protected': None, 'verified': False, 'blue': False, 'blueType': None, 'descriptionLinks': [{'url': 'https://linktr.ee/reautydao', 'text': 'linktr.ee/reautydao', 'tcourl': 'https://t.co/0Kp1SPgZHw'}], '_type': 'snscrape.modules.twitter.User'}",en,"Gm to absolutely everyone ‚òïÔ∏è 
Happy Tuesday!
Let‚Äôs make the day countüí™ 
Mint your own  Pixelated #BeautyBaebee @ https://t.co/Nn9YQSp8Y9   
#NFT #nfts #nftart #NFTartists #NFTsales #nftcommunity #X #NFTCommunity #NFTGiveaway #NFTCollection https://t.co/HaaB89DApY",21,1,5,0,1726970612806042068,"['BeautyBaebee', 'NFT', 'nfts', 'nftart', 'NFTartists', 'NFTsales', 'nftcommunity', 'X', 'NFTCommunity', 'NFTGiveaway', 'NFTCollection']",[],[],"[{'url': 'http://baebee.reautydao.io', 'text': 'baebee.reautydao.io', 'tcourl': 'https://t.co/Nn9YQSp8Y9'}]",42,,,,,,,"<a href=""https://www.hootsuite.com"" rel=""nofollow"">Hootsuite Inc.</a>",https://www.hootsuite.com,Hootsuite Inc.,"{'photos': [{'url': 'https://pbs.twimg.com/media/F_dunvYWkAAlhJX.jpg'}], 'videos': [], 'animated': []}",snscrape.modules.twitter.Tweet
13,1726587806019940370,1726587806019940370,https://twitter.com/ReautyDao/status/1726587806019940370,2023-11-20 13:06:26+00:00,"{'id': 1570811684066889728, 'id_str': '1570811684066889728', 'url': 'https://twitter.com/ReautyDao', 'username': 'ReautyDao', 'displayname': 'Reauty DAO', 'rawDescription': 'The future of beauty is here!!! ReautyDAO consists of ReautyCoins, Baebee NFTs, and DAO functionality to build a real beauty community in Web3!', 'created': datetime.datetime(2022, 9, 16, 16, 28, 46, tzinfo=datetime.timezone.utc), 'followersCount': 2312, 'friendsCount': 448, 'statusesCount': 888, 'favouritesCount': 6057, 'listedCount': 2, 'mediaCount': 266, 'location': 'Miami, FL', 'profileImageUrl': 'https://pbs.twimg.com/profile_images/1583560251948818432/U4BRdzyu_normal.jpg', 'profileBannerUrl': 'https://pbs.twimg.com/profile_banners/1570811684066889728/1666385071', 'protected': None, 'verified': False, 'blue': False, 'blueType': None, 'descriptionLinks': [{'url': 'https://linktr.ee/reautydao', 'text': 'linktr.ee/reautydao', 'tcourl': 'https://t.co/0Kp1SPgZHw'}], '_type': 'snscrape.modules.twitter.User'}",en,üöÄ Ready to shape the future of Web3 and Cryptography? üåê Join Reauty DAO as a Web3 Cryptographer and lead the way! Send your CV to career@reautydao.io and let's make tomorrow extraordinary together! #Web3Cryptographer #JoinTheTeam #ReautyDAOHiring https://t.co/TrDMZZEL4R,11,1,2,0,1726587806019940370,"['Web3Cryptographer', 'JoinTheTeam', 'ReautyDAOHiring']",[],[],[],31,,,,,,,"<a href=""https://www.hootsuite.com"" rel=""nofollow"">Hootsuite Inc.</a>",https://www.hootsuite.com,Hootsuite Inc.,"{'photos': [{'url': 'https://pbs.twimg.com/media/F_YSdMXWQAAPDrF.jpg'}], 'videos': [], 'animated': []}",snscrape.modules.twitter.Tweet
14,1725158511401734465,1725158511401734465,https://twitter.com/ReautyDao/status/1725158511401734465,2023-11-16 14:26:55+00:00,"{'id': 1570811684066889728, 'id_str': '1570811684066889728', 'url': 'https://twitter.com/ReautyDao', 'username': 'ReautyDao', 'displayname': 'Reauty DAO', 'rawDescription': 'The future of beauty is here!!! ReautyDAO consists of ReautyCoins, Baebee NFTs, and DAO functionality to build a real beauty community in Web3!', 'created': datetime.datetime(2022, 9, 16, 16, 28, 46, tzinfo=datetime.timezone.utc), 'followersCount': 2312, 'friendsCount': 448, 'statusesCount': 888, 'favouritesCount': 6057, 'listedCount': 2, 'mediaCount': 266, 'location': 'Miami, FL', 'profileImageUrl': 'https://pbs.twimg.com/profile_images/1583560251948818432/U4BRdzyu_normal.jpg', 'profileBannerUrl': 'https://pbs.twimg.com/profile_banners/1570811684066889728/1666385071', 'protected': None, 'verified': False, 'blue': False, 'blueType': None, 'descriptionLinks': [{'url': 'https://linktr.ee/reautydao', 'text': 'linktr.ee/reautydao', 'tcourl': 'https://t.co/0Kp1SPgZHw'}], '_type': 'snscrape.modules.twitter.User'}",en,"Making loss is temporary in crypto market

#CryptoMeme #Memes #NFT #ETH #Dogecoin #Crypto #NFTmeme #RespectMeme #Memes #cryptomemes #cryptocurrency #CryptoTwitter #Ethereum #CryptoCommunity #BTCETF #MEMECOINS https://t.co/iXDDLVcGeE",2,1,6,0,1725158511401734465,"['CryptoMeme', 'Memes', 'NFT', 'ETH', 'Dogecoin', 'Crypto', 'NFTmeme', 'RespectMeme', 'Memes', 'cryptomemes', 'cryptocurrency', 'CryptoTwitter', 'Ethereum', 'CryptoCommunity', 'BTCETF', 'MEMECOINS']",[],[],[],126,,,,,,,"<a href=""https://www.hootsuite.com"" rel=""nofollow"">Hootsuite Inc.</a>",https://www.hootsuite.com,Hootsuite Inc.,"{'photos': [{'url': 'https://pbs.twimg.com/media/F_D-hjOW0AENjjq.jpg'}], 'videos': [], 'animated': []}",snscrape.modules.twitter.Tweet
15,1724875168110035431,1724875168110035431,https://twitter.com/ReautyDao/status/1724875168110035431,2023-11-15 19:41:01+00:00,"{'id': 1570811684066889728, 'id_str': '1570811684066889728', 'url': 'https://twitter.com/ReautyDao', 'username': 'ReautyDao', 'displayname': 'Reauty DAO', 'rawDescription': 'The future of beauty is here!!! ReautyDAO consists of ReautyCoins, Baebee NFTs, and DAO functionality to build a real beauty community in Web3!', 'created': datetime.datetime(2022, 9, 16, 16, 28, 46, tzinfo=datetime.timezone.utc), 'followersCount': 2312, 'friendsCount': 448, 'statusesCount': 888, 'favouritesCount': 6057, 'listedCount': 2, 'mediaCount': 266, 'location': 'Miami, FL', 'profileImageUrl': 'https://pbs.twimg.com/profile_images/1583560251948818432/U4BRdzyu_normal.jpg', 'profileBannerUrl': 'https://pbs.twimg.com/profile_banners/1570811684066889728/1666385071', 'protected': None, 'verified': False, 'blue': False, 'blueType': None, 'descriptionLinks': [{'url': 'https://linktr.ee/reautydao', 'text': 'linktr.ee/reautydao', 'tcourl': 'https://t.co/0Kp1SPgZHw'}], '_type': 'snscrape.modules.twitter.User'}",en,"GM to absolutely everyone ‚òïÔ∏è‚ô•Ô∏è! Mint your own 2D #BeautyBaebee now at https://t.co/Nn9YQSp8Y9 and cherish the moments forever. #InternationalGirlfriendDay #NFT #BeautyBaebee 
#NFT #nfts #nftart #NFTartists #NFTsales #nftcommunity #X #NFTCommunity #NFTGiveaway #NFTCollection https://t.co/jUTsNNbuh8",11,1,4,0,1724875168110035431,"['BeautyBaebee', 'InternationalGirlfriendDay', 'NFT', 'BeautyBaebee', 'NFT', 'nfts', 'nftart', 'NFTartists', 'NFTsales', 'nftcommunity', 'X', 'NFTCommunity', 'NFTGiveaway', 'NFTCollection']",[],[],"[{'url': 'http://baebee.reautydao.io', 'text': 'baebee.reautydao.io', 'tcourl': 'https://t.co/Nn9YQSp8Y9'}]",33,,,,,,,"<a href=""https://www.hootsuite.com"" rel=""nofollow"">Hootsuite Inc.</a>",https://www.hootsuite.com,Hootsuite Inc.,"{'photos': [{'url': 'https://pbs.twimg.com/media/F-_800FWYAAjslj.jpg'}], 'videos': [], 'animated': []}",snscrape.modules.twitter.Tweet
16,1724423823951372766,1724423823951372766,https://twitter.com/ReautyDao/status/1724423823951372766,2023-11-14 13:47:32+00:00,"{'id': 1570811684066889728, 'id_str': '1570811684066889728', 'url': 'https://twitter.com/ReautyDao', 'username': 'ReautyDao', 'displayname': 'Reauty DAO', 'rawDescription': 'The future of beauty is here!!! ReautyDAO consists of ReautyCoins, Baebee NFTs, and DAO functionality to build a real beauty community in Web3!', 'created': datetime.datetime(2022, 9, 16, 16, 28, 46, tzinfo=datetime.timezone.utc), 'followersCount': 2312, 'friendsCount': 448, 'statusesCount': 888, 'favouritesCount': 6057, 'listedCount': 2, 'mediaCount': 266, 'location': 'Miami, FL', 'profileImageUrl': 'https://pbs.twimg.com/profile_images/1583560251948818432/U4BRdzyu_normal.jpg', 'profileBannerUrl': 'https://pbs.twimg.com/profile_banners/1570811684066889728/1666385071', 'protected': None, 'verified': False, 'blue': False, 'blueType': None, 'descriptionLinks': [{'url': 'https://linktr.ee/reautydao', 'text': 'linktr.ee/reautydao', 'tcourl': 'https://t.co/0Kp1SPgZHw'}], '_type': 'snscrape.modules.twitter.User'}",en,"Gm!  
Every new day is a new opportunity for success ! üëäüèª 
 Mint your own 2D#BeautyBaebee @ https://t.co/Nn9YQSp8Y9 

#NFT #nfts #nftart #NFTartists #NFTsales #nftcommunity #TwitterX #NFTCommunity #NFTGiveaway #NFTCollection #nftcollector
#Cryptomeme  #NFT #ETH  #Crypto #NFTmeme https://t.co/uoHfa8U8qU",1,1,3,0,1724423823951372766,"['NFT', 'nfts', 'nftart', 'NFTartists', 'NFTsales', 'nftcommunity', 'TwitterX', 'NFTCommunity', 'NFTGiveaway', 'NFTCollection', 'nftcollector', 'Cryptomeme', 'NFT', 'ETH', 'Crypto', 'NFTmeme']",[],[],"[{'url': 'http://baebee.reautydao.io', 'text': 'baebee.reautydao.io', 'tcourl': 'https://t.co/Nn9YQSp8Y9'}]",43,,,,,,,"<a href=""https://www.hootsuite.com"" rel=""nofollow"">Hootsuite Inc.</a>",https://www.hootsuite.com,Hootsuite Inc.,"{'photos': [{'url': 'https://pbs.twimg.com/media/F-5iUwpXIAAb_OD.jpg'}], 'videos': [], 'animated': []}",snscrape.modules.twitter.Tweet
17,1724071509004558522,1724071509004558522,https://twitter.com/ReautyDao/status/1724071509004558522,2023-11-13 14:27:34+00:00,"{'id': 1570811684066889728, 'id_str': '1570811684066889728', 'url': 'https://twitter.com/ReautyDao', 'username': 'ReautyDao', 'displayname': 'Reauty DAO', 'rawDescription': 'The future of beauty is here!!! ReautyDAO consists of ReautyCoins, Baebee NFTs, and DAO functionality to build a real beauty community in Web3!', 'created': datetime.datetime(2022, 9, 16, 16, 28, 46, tzinfo=datetime.timezone.utc), 'followersCount': 2312, 'friendsCount': 448, 'statusesCount': 888, 'favouritesCount': 6057, 'listedCount': 2, 'mediaCount': 266, 'location': 'Miami, FL', 'profileImageUrl': 'https://pbs.twimg.com/profile_images/1583560251948818432/U4BRdzyu_normal.jpg', 'profileBannerUrl': 'https://pbs.twimg.com/profile_banners/1570811684066889728/1666385071', 'protected': None, 'verified': False, 'blue': False, 'blueType': None, 'descriptionLinks': [{'url': 'https://linktr.ee/reautydao', 'text': 'linktr.ee/reautydao', 'tcourl': 'https://t.co/0Kp1SPgZHw'}], '_type': 'snscrape.modules.twitter.User'}",en,üé®üöÄüëÄ Ready to dive into the world of Web3 art? Reauty Dao is hiring a Senior Concept Artist to create NFT masterpieces üî• Don't miss out on this amazing opportunity. Send your CV to career@reautydao.io today! #Web3 #NFT #ArtJobs üíªüíº https://t.co/8zj5MCMWHM,2,1,4,0,1724071509004558522,"['Web3', 'NFT', 'ArtJobs']",[],[],[],147,,,,,,,"<a href=""https://www.hootsuite.com"" rel=""nofollow"">Hootsuite Inc.</a>",https://www.hootsuite.com,Hootsuite Inc.,"{'photos': [{'url': 'https://pbs.twimg.com/media/F-0h5scWQAAxw4y.jpg'}], 'videos': [], 'animated': []}",snscrape.modules.twitter.Tweet
18,1722974326163468301,1722974326163468301,https://twitter.com/ReautyDao/status/1722974326163468301,2023-11-10 13:47:45+00:00,"{'id': 1570811684066889728, 'id_str': '1570811684066889728', 'url': 'https://twitter.com/ReautyDao', 'username': 'ReautyDao', 'displayname': 'Reauty DAO', 'rawDescription': 'The future of beauty is here!!! ReautyDAO consists of ReautyCoins, Baebee NFTs, and DAO functionality to build a real beauty community in Web3!', 'created': datetime.datetime(2022, 9, 16, 16, 28, 46, tzinfo=datetime.timezone.utc), 'followersCount': 2312, 'friendsCount': 448, 'statusesCount': 888, 'favouritesCount': 6057, 'listedCount': 2, 'mediaCount': 266, 'location': 'Miami, FL', 'profileImageUrl': 'https://pbs.twimg.com/profile_images/1583560251948818432/U4BRdzyu_normal.jpg', 'profileBannerUrl': 'https://pbs.twimg.com/profile_banners/1570811684066889728/1666385071', 'protected': None, 'verified': False, 'blue': False, 'blueType': None, 'descriptionLinks': [{'url': 'https://linktr.ee/reautydao', 'text': 'linktr.ee/reautydao', 'tcourl': 'https://t.co/0Kp1SPgZHw'}], '_type': 'snscrape.modules.twitter.User'}",en,"#ReautyDAOweeklybrews:Dive into the digital realm with Gucci Cosmos Land, where heritage meets the metaverse in a stylish fusion. Explore the future of fashion at the intersection of luxury and technology. üëæ‚ú® #GucciCosmosLand #MetaverseFashion https://t.co/rdsdsdFm3N",0,1,2,0,1722974326163468301,"['ReautyDAOweeklybrews', 'GucciCosmosLand', 'MetaverseFashion']",[],[],"[{'url': 'https://www.voguebusiness.com/story/technology/gucci-cosmos-land-brings-physical-heritage-to-the-metaverse', 'text': 'voguebusiness.com/story/technolo‚Ä¶', 'tcourl': 'https://t.co/rdsdsdFm3N'}]",23,,,,,,,"<a href=""https://mobile.twitter.com"" rel=""nofollow"">Twitter Web App</a>",https://mobile.twitter.com,Twitter Web App,"{'photos': [], 'videos': [], 'animated': []}",snscrape.modules.twitter.Tweet
19,1722619617565462672,1722619617565462672,https://twitter.com/ReautyDao/status/1722619617565462672,2023-11-09 14:18:16+00:00,"{'id': 1570811684066889728, 'id_str': '1570811684066889728', 'url': 'https://twitter.com/ReautyDao', 'username': 'ReautyDao', 'displayname': 'Reauty DAO', 'rawDescription': 'The future of beauty is here!!! ReautyDAO consists of ReautyCoins, Baebee NFTs, and DAO functionality to build a real beauty community in Web3!', 'created': datetime.datetime(2022, 9, 16, 16, 28, 46, tzinfo=datetime.timezone.utc), 'followersCount': 2312, 'friendsCount': 448, 'statusesCount': 888, 'favouritesCount': 6057, 'listedCount': 2, 'mediaCount': 266, 'location': 'Miami, FL', 'profileImageUrl': 'https://pbs.twimg.com/profile_images/1583560251948818432/U4BRdzyu_normal.jpg', 'profileBannerUrl': 'https://pbs.twimg.com/profile_banners/1570811684066889728/1666385071', 'protected': None, 'verified': False, 'blue': False, 'blueType': None, 'descriptionLinks': [{'url': 'https://linktr.ee/reautydao', 'text': 'linktr.ee/reautydao', 'tcourl': 'https://t.co/0Kp1SPgZHw'}], '_type': 'snscrape.modules.twitter.User'}",en,"Perfect time to buy üòÜüòÜ

#CryptoMeme #Memes #NFT #ETH #Dogecoin #Crypto #NFTmeme #RespectMeme #Memes #cryptomemes #cryptocurrency #CryptoTwitter #Ethereum #CryptoCommunity #BTCETF #memecoins https://t.co/eyeW254WCc",4,1,5,0,1722619617565462672,"['CryptoMeme', 'Memes', 'NFT', 'ETH', 'Dogecoin', 'Crypto', 'NFTmeme', 'RespectMeme', 'Memes', 'cryptomemes', 'cryptocurrency', 'CryptoTwitter', 'Ethereum', 'CryptoCommunity', 'BTCETF', 'memecoins']",[],[],[],127,,,,,,,"<a href=""https://www.hootsuite.com"" rel=""nofollow"">Hootsuite Inc.</a>",https://www.hootsuite.com,Hootsuite Inc.,"{'photos': [{'url': 'https://pbs.twimg.com/media/F-f5adsacAA-mWH.jpg'}], 'videos': [], 'animated': []}",snscrape.modules.twitter.Tweet
20,1721975083403481241,1721975083403481241,https://twitter.com/ReautyDao/status/1721975083403481241,2023-11-07 19:37:07+00:00,"{'id': 1570811684066889728, 'id_str': '1570811684066889728', 'url': 'https://twitter.com/ReautyDao', 'username': 'ReautyDao', 'displayname': 'Reauty DAO', 'rawDescription': 'The future of beauty is here!!! ReautyDAO consists of ReautyCoins, Baebee NFTs, and DAO functionality to build a real beauty community in Web3!', 'created': datetime.datetime(2022, 9, 16, 16, 28, 46, tzinfo=datetime.timezone.utc), 'followersCount': 2312, 'friendsCount': 448, 'statusesCount': 888, 'favouritesCount': 6057, 'listedCount': 2, 'mediaCount': 266, 'location': 'Miami, FL', 'profileImageUrl': 'https://pbs.twimg.com/profile_images/1583560251948818432/U4BRdzyu_normal.jpg', 'profileBannerUrl': 'https://pbs.twimg.com/profile_banners/1570811684066889728/1666385071', 'protected': None, 'verified': False, 'blue': False, 'blueType': None, 'descriptionLinks': [{'url': 'https://linktr.ee/reautydao', 'text': 'linktr.ee/reautydao', 'tcourl': 'https://t.co/0Kp1SPgZHw'}], '_type': 'snscrape.modules.twitter.User'}",en,"Gm to absolutely everyone ‚òïÔ∏è 
Happy Tuesday!
Let‚Äôs make the day countüí™ 
Mint your own 2D#BeautyBaebee @ https://t.co/Nn9YQSp8Y9   
üñêFollow  
‚úåRetweet https://t.co/4TJ6Cqk7Pn",0,1,2,0,1721975083403481241,[],[],[],"[{'url': 'http://baebee.reautydao.io', 'text': 'baebee.reautydao.io', 'tcourl': 'https://t.co/Nn9YQSp8Y9'}]",26,,,,,,,"<a href=""https://www.hootsuite.com"" rel=""nofollow"">Hootsuite Inc.</a>",https://www.hootsuite.com,Hootsuite Inc.,"{'photos': [], 'videos': [{'thumbnailUrl': 'https://pbs.twimg.com/ext_tw_video_thumb/1721974984287883264/pu/img/riFt4HnPYjy2bZIa.jpg', 'variants': [{'contentType': 'video/mp4', 'bitrate': 832000, 'url': 'https://video.twimg.com/ext_tw_video/1721974984287883264/pu/vid/avc1/540x540/0y_Zu_xA03rQHX-V.mp4?tag=12'}, {'contentType': 'video/mp4', 'bitrate': 432000, 'url': 'https://video.twimg.com/ext_tw_video/1721974984287883264/pu/vid/avc1/320x320/lgWLB22zrTw4lDPP.mp4?tag=12'}, {'contentType': 'video/mp4', 'bitrate': 1280000, 'url': 'https://video.twimg.com/ext_tw_video/1721974984287883264/pu/vid/avc1/720x720/E_Rif2i3XPKJuOUG.mp4?tag=12'}], 'duration': 18048, 'views': None}], 'animated': []}",snscrape.modules.twitter.Tweet
21,1721531585881641391,1721531585881641391,https://twitter.com/ReautyDao/status/1721531585881641391,2023-11-06 14:14:49+00:00,"{'id': 1570811684066889728, 'id_str': '1570811684066889728', 'url': 'https://twitter.com/ReautyDao', 'username': 'ReautyDao', 'displayname': 'Reauty DAO', 'rawDescription': 'The future of beauty is here!!! ReautyDAO consists of ReautyCoins, Baebee NFTs, and DAO functionality to build a real beauty community in Web3!', 'created': datetime.datetime(2022, 9, 16, 16, 28, 46, tzinfo=datetime.timezone.utc), 'followersCount': 2312, 'friendsCount': 448, 'statusesCount': 888, 'favouritesCount': 6057, 'listedCount': 2, 'mediaCount': 266, 'location': 'Miami, FL', 'profileImageUrl': 'https://pbs.twimg.com/profile_images/1583560251948818432/U4BRdzyu_normal.jpg', 'profileBannerUrl': 'https://pbs.twimg.com/profile_banners/1570811684066889728/1666385071', 'protected': None, 'verified': False, 'blue': False, 'blueType': None, 'descriptionLinks': [{'url': 'https://linktr.ee/reautydao', 'text': 'linktr.ee/reautydao', 'tcourl': 'https://t.co/0Kp1SPgZHw'}], '_type': 'snscrape.modules.twitter.User'}",en,üöÄ Want to be part of the future of token economics? Join the incredible team at @reautydaoio! üì© Send us your CV to career@reautydao.io and let's revolutionize the crypto space together! üí´ #TokenEconomics #Hiring #BlockchainJobs https://t.co/UUGUDdtxXr,0,1,2,0,1721531585881641391,"['TokenEconomics', 'Hiring', 'BlockchainJobs']",[],[],[],28,,,,,,,"<a href=""https://www.hootsuite.com"" rel=""nofollow"">Hootsuite Inc.</a>",https://www.hootsuite.com,Hootsuite Inc.,"{'photos': [{'url': 'https://pbs.twimg.com/media/F-Qb2sJXIAA9XNg.jpg'}], 'videos': [], 'animated': []}",snscrape.modules.twitter.Tweet
